{ 
    "lambda": {
	"U238": {
            "x": 0.000155125,
            "e": 0.000000083
	},
	"U235": {
            "x": 0.00098485,
            "e": 0.00000067
	},
	"Th232": {
            "x": 0.000049475,
            "e": 0
	}
    }, 
    "U238U235": {
	"x": 137.818,
	"e": 0.0225
    },
    "I.A": {
	"Th232": {
            "x": 1,
            "e": 0
	}
    }
}
