Pb207U235,sePb207U235,Pb206U238,sePb206U238,Pb204U238,sePb204U238,rhoXY,rhoXZ,rhoYZ
2.82294622,0.004412081,0.07022472,9.863022E-05,0.00114684,1.963904E-06,0.8986263,-0.8876235,-0.8201675
2.640148458,0.004086744,0.068610635,9.414838E-05,0.001062504,1.784623E-06,0.8864869,-0.8843492,-0.816969
1.9622637644,0.003437294,0.0623247117,8.93405E-05,0.0007508258,1.554646E-06,0.8183306,-0.8153775,-0.6923022
2.58379442,0.004896443,0.068050357,0.0001157713,0.001032324,2.221881E-06,0.8977339,-0.8715096,-0.790434
2.220827909,0.004506336,0.0648172155,0.0001218369,0.0008677729,1.755216E-06,0.9263598,-0.9443338,-0.9293168
4.39875067,0.00491333,0.08494012,7.936306E-05,0.00187896,2.384669E-06,0.8364865,-0.8383356,-0.7361986
2.0325563454,0.005015678,0.0632071298,0.0001238494,0.0007819986,1.946813E-06,0.7940369,-0.8499439,-0.7870631
