U8Pb6,err,Pb76,err,rho
3792,215,0.05345,0.0004103,0.29
3575,202,0.05364,0.0004117,0.29
3505,198,0.05347,0.0004105,0.29
3462,196,0.05391,0.0004138,0.29
3050,173,0.05356,0.0004112,0.29
3661,207,0.05446,0.0004180,0.29
3585,203,0.05389,0.0004137,0.29
3441,195,0.05322,0.0004085,0.29
3525,199,0.05387,0.0004135,0.29
3498,198,0.05416,0.0004158,0.29
