Lu176Hf177, errLu176Hf177, Hf176Hf177, errHf176Hf177, rho
1.364,  0.011,  0.297717, 0.0000095,  0
1.0095, 0.0081, 0.293531, 0.000019,   0
0.5636, 0.0045, 0.288760, 0.0000085,  0
0.9697, 0.0078, 0.293176, 0.000014,   0
0.5977, 0.0048, 0.289264, 0.000016,   0
0.5877, 0.0047, 0.289139, 0.000011,   0